{"version":2,"intensity":0,"info":{"face":"arc8Hud","maps":[{"width":512,"height":256}]},"chars":{"37":{"id":37,"letter":"%","x":1,"y":1,"width":64,"height":64,"map":0,"xadvance":28.484375,"xoffset":17.75,"yoffset":20.7265625,"scale":1,"range":8,"bounds":[1.3125,-0.203125,27.1875,22.75]},"48":{"id":48,"letter":"0","x":67,"y":1,"width":64,"height":64,"map":0,"xadvance":20.984375,"xoffset":21.5,"yoffset":20.7265625,"scale":1,"range":8,"bounds":[1.3125,-0.390625,19.6875,22.9375]},"49":{"id":49,"letter":"1","x":133,"y":1,"width":64,"height":64,"map":0,"xadvance":15.359375,"xoffset":25.3515625,"yoffset":20.7265625,"scale":1,"range":8,"bounds":[1.390625,0,11.90625,22.546875]},"50":{"id":50,"letter":"2","x":199,"y":1,"width":64,"height":64,"map":0,"xadvance":19.296875,"xoffset":22.34375,"yoffset":20.53125,"scale":1,"range":8,"bounds":[1.328125,0,17.984375,22.9375]},"51":{"id":51,"letter":"3","x":265,"y":1,"width":64,"height":64,"map":0,"xadvance":20.15625,"xoffset":22.0234375,"yoffset":20.7265625,"scale":1,"range":8,"bounds":[1.203125,-0.390625,18.75,22.9375]},"52":{"id":52,"letter":"4","x":331,"y":1,"width":64,"height":64,"map":0,"xadvance":20.71875,"xoffset":21.5390625,"yoffset":20.7265625,"scale":1,"range":8,"bounds":[1.125,0,19.796875,22.546875]},"53":{"id":53,"letter":"5","x":397,"y":1,"width":64,"height":64,"map":0,"xadvance":20,"xoffset":21.6171875,"yoffset":20.921875,"scale":1,"range":8,"bounds":[1.796875,-0.390625,18.96875,22.546875]},"54":{"id":54,"letter":"6","x":1,"y":67,"width":64,"height":64,"map":0,"xadvance":20.875,"xoffset":21.671875,"yoffset":20.7265625,"scale":1,"range":8,"bounds":[1.28125,-0.390625,19.375,22.9375]},"55":{"id":55,"letter":"7","x":67,"y":67,"width":64,"height":64,"map":0,"xadvance":18.3125,"xoffset":22.9375,"yoffset":20.7265625,"scale":1,"range":8,"bounds":[1,0,17.125,22.546875]},"56":{"id":56,"letter":"8","x":133,"y":67,"width":64,"height":64,"map":0,"xadvance":20.765625,"xoffset":21.6171875,"yoffset":20.7265625,"scale":1,"range":8,"bounds":[1.296875,-0.390625,19.46875,22.9375]},"57":{"id":57,"letter":"9","x":199,"y":67,"width":64,"height":64,"map":0,"xadvance":20.875,"xoffset":21.453125,"yoffset":20.7265625,"scale":1,"range":8,"bounds":[1.5,-0.390625,19.59375,22.9375]},"58":{"id":58,"letter":":","x":265,"y":67,"width":64,"height":64,"map":0,"xadvance":7.703125,"xoffset":28.140625,"yoffset":24.171875,"scale":1,"range":8,"bounds":[1.328125,-0.265625,6.390625,15.921875]},"120":{"id":120,"letter":"x","x":331,"y":67,"width":64,"height":64,"map":0,"xadvance":16.890625,"xoffset":23.546875,"yoffset":23.625,"scale":1,"range":8,"bounds":[0.34375,0,16.5625,16.75]}},"kerning":{}}